batverse	arestorationofbalance	efficiency	/home/deborah/Bureau/articles/fanfics/efficiency.txt
batverse	axelex12	wonder 2×	/home/deborah/Bureau/articles/fanfics/wonder 2×.txt
batverse	invcts	the darkest night	/home/deborah/Bureau/articles/fanfics/the darkest night.txt
batverse	janaswow	flower petals and bullet shells	/home/deborah/Bureau/articles/fanfics/flower petals and bullet shells.txt
batverse	luna draconis (lunadraconis)	naughty nightwing	/home/deborah/Bureau/articles/fanfics/naughty nightwing.txt
batverse	psychovigilante	still blushing	/home/deborah/Bureau/articles/fanfics/still blushing.txt
batverse	sugarfairychan	it's just a game, or is it	/home/deborah/Bureau/articles/fanfics/it's just a game, or is it.txt
batverse	wowsheshot	goodnight, percy	/home/deborah/Bureau/articles/fanfics/goodnight, percy.txt
creepypasta	blackheart1454	we own you	/home/deborah/Bureau/articles/fanfics/we own you.txt
creepypasta	blacksilks	hanging confetti	/home/deborah/Bureau/articles/fanfics/hanging confetti.txt
creepypasta	m00nlightshimmer	the curse	/home/deborah/Bureau/articles/fanfics/the curse.txt
creepypasta	manzare	no longer distant	/home/deborah/Bureau/articles/fanfics/no longer distant.txt
creepypasta	punklovergirl68	what you desire	/home/deborah/Bureau/articles/fanfics/what you desire.txt
creepypasta	serendipitoussong	death comes to us all	/home/deborah/Bureau/articles/fanfics/death comes to us all.txt
daybreak	klutzysunshine	never let you fall	/home/deborah/Bureau/articles/fanfics/never let you fall.txt
dr who	abrokenpieceoftruth	and all in war with time for love of you	/home/deborah/Bureau/articles/fanfics/and all in war with time for love of you.txt
dr who	alabasterblaze	of magic and mayhem	/home/deborah/Bureau/articles/fanfics/of magic and mayhem.txt
dr who	alice indigo opal	seven	/home/deborah/Bureau/articles/fanfics/seven.txt
dr who	allison-chestertonsong-woffle	a pregnant ms doctor	/home/deborah/Bureau/articles/fanfics/a pregnant ms doctor.txt
dr who	almbookbuyer	the lost ones	/home/deborah/Bureau/articles/fanfics/the lost ones.txt
dr who	bejai	empty tombs	/home/deborah/Bureau/articles/fanfics/empty tombs.txt
dr who	bejai	head waters	/home/deborah/Bureau/articles/fanfics/head waters.txt
dr who	betawho	when he was young	/home/deborah/Bureau/articles/fanfics/when he was young.txt
dr who	cmartlover	beautiful at heart	/home/deborah/Bureau/articles/fanfics/beautiful at heart.txt
dr who	cryswimmer	nights with the doctor	/home/deborah/Bureau/articles/fanfics/nights with the doctor.txt
dr who	dead man	cast away your faith and follow me	/home/deborah/Bureau/articles/fanfics/cast away your faith and follow me.txt
dr who	delenn	betwixt mine eye and heart	/home/deborah/Bureau/articles/fanfics/betwixt mine eye and heart.txt
dr who	derangedoptimist	nothing	/home/deborah/Bureau/articles/fanfics/nothing.txt
dr who	ford.ye.fiji	five times river saw the doctor cry	/home/deborah/Bureau/articles/fanfics/five times river saw the doctor cry.txt
dr who	ghostdog401	the five times the doctor lost a hat	/home/deborah/Bureau/articles/fanfics/the five times the doctor lost a hat.txt
dr who	gooddalekpeppergrinderfromdowntheriver	the man who ran	/home/deborah/Bureau/articles/fanfics/the man who ran.txt
dr who	grumpyjenn	they love her	/home/deborah/Bureau/articles/fanfics/they love her.txt
dr who	gwenhwyfar1984	show, don't tell	/home/deborah/Bureau/articles/fanfics/show, don't tell.txt
dr who	hb rules	closing in	/home/deborah/Bureau/articles/fanfics/closing in.txt
dr who	hellnhighheels	and the rest is rust and stardust	/home/deborah/Bureau/articles/fanfics/and the rest is rust and stardust.txt
dr who	hellnhighheels	the ghost is you	/home/deborah/Bureau/articles/fanfics/the ghost is you.txt
dr who	hellnhighheels	the light of all lights	/home/deborah/Bureau/articles/fanfics/the light of all lights.txt
dr who	inkfires	still waters	/home/deborah/Bureau/articles/fanfics/still waters.txt
dr who	inkfire	little talks	/home/deborah/Bureau/articles/fanfics/little talks.txt
dr who	inkfire	slivers of ice	/home/deborah/Bureau/articles/fanfics/slivers of ice.txt
dr who	inkfire	the kitten's fur	/home/deborah/Bureau/articles/fanfics/the kitten's fur.txt
dr who	interface	ice and the doctor	/home/deborah/Bureau/articles/fanfics/ice and the doctor.txt
dr who	janescarlett	ill paint a ray of hope around you	/home/deborah/Bureau/articles/fanfics/ill paint a ray of hope around you.txt
dr who	k.sinclair	don't call me doctor	/home/deborah/Bureau/articles/fanfics/don't call me doctor.txt
dr who	krystinasky	heartbeats in measures to a familiar tune	/home/deborah/Bureau/articles/fanfics/heartbeats in measures to a familiar tune.txt
dr who	kurisutori618	the timelord and his comet	/home/deborah/Bureau/articles/fanfics/the timelord and his comet.txt
dr who	lalalyds2	not expected	/home/deborah/Bureau/articles/fanfics/not expected.txt
dr who	lauraforthewinoswald	amelia's not well	/home/deborah/Bureau/articles/fanfics/amelia's not well.txt
dr who	lauraforthewinoswald	doctor heist	/home/deborah/Bureau/articles/fanfics/doctor heist.txt
dr who	little minamino	the towers sang	/home/deborah/Bureau/articles/fanfics/the towers sang.txt
dr who	littlepageandbird	aliens and sociopaths	/home/deborah/Bureau/articles/fanfics/aliens and sociopaths.txt
dr who	littlepageandbird	river's doctor	/home/deborah/Bureau/articles/fanfics/river's doctor.txt
dr who	littlepageandbird	the only rule i need	/home/deborah/Bureau/articles/fanfics/the only rule i need.txt
dr who	lizzie pond	when they saw	/home/deborah/Bureau/articles/fanfics/when they saw.txt
dr who	mozart the meerkitten	the day of the companions	/home/deborah/Bureau/articles/fanfics/the day of the companions.txt
dr who	o	goldenflowers	/home/deborah/Bureau/articles/fanfics/goldenflowers.txt
dr who	personne	in the stilleness of remembering what you had and what you lost	/home/deborah/Bureau/articles/fanfics/in the stilleness of remembering what you had and what you lost.txt
dr who	riverameliasong	resurfacing in the river	/home/deborah/Bureau/articles/fanfics/resurfacing in the river.txt
dr who	ryann bennett	when the time is right	/home/deborah/Bureau/articles/fanfics/when the time is right.txt
dr who	smeedog	be careful what you read	/home/deborah/Bureau/articles/fanfics/be careful what you read.txt
dr who	smeedog	time can be rewritten	/home/deborah/Bureau/articles/fanfics/time can be rewritten.txt
dr who	smirgutt	the tracks of her tears	/home/deborah/Bureau/articles/fanfics/the tracks of her tears.txt
dr who	snowdrop65	dear diary	/home/deborah/Bureau/articles/fanfics/dear diary.txt
dr who	sss979	worth it	/home/deborah/Bureau/articles/fanfics/worth it.txt
dr who	st4rdust	dementia	/home/deborah/Bureau/articles/fanfics/dementia.txt
dr who	starjargon	a tangled web of beauty	/home/deborah/Bureau/articles/fanfics/a tangled web of beauty.txt
dr who	starjargon	not so strange bedfellows	/home/deborah/Bureau/articles/fanfics/not so strange bedfellows.txt
dr who	starlitdaydreams	never let me go	/home/deborah/Bureau/articles/fanfics/never let me go.txt
dr who	streamharmonytheshelrickriver0	river let her walls down	/home/deborah/Bureau/articles/fanfics/river let her walls down.txt
dr who	sunshine-lime167	but you're young!	/home/deborah/Bureau/articles/fanfics/but you're young!.txt
dr who	take on the world	strange man	/home/deborah/Bureau/articles/fanfics/strange man.txt
dr who	the eclectic bookworm	being someones special someone	/home/deborah/Bureau/articles/fanfics/being someones special someone.txt
dr who	the eclectic bookworm	just another normal thursday	/home/deborah/Bureau/articles/fanfics/just another normal thursday.txt
dr who	timelordparadox	a doctor calls	/home/deborah/Bureau/articles/fanfics/a doctor calls.txt
dr who	whovian overload river song	never alone for very long	/home/deborah/Bureau/articles/fanfics/never alone for very long.txt
dr who	willowwhip	foolish sentiment	/home/deborah/Bureau/articles/fanfics/foolish sentiment.txt
dr who	xtimepiratex	dark side of the moon	/home/deborah/Bureau/articles/fanfics/dark side of the moon.txt
dr who	youlooklikethunder	the library diaries	/home/deborah/Bureau/articles/fanfics/the library diaries.txt
hellsing	13l1	le dernier jour du reste de ta vie	/home/deborah/Bureau/articles/fanfics/le dernier jour du reste de ta vie.txt
hellsing	Canablah	pet	/home/deborah/Bureau/articles/fanfics/pet.txt
hellsing	agatya	odorat	/home/deborah/Bureau/articles/fanfics/odorat.txt
hellsing	atropa	tension	/home/deborah/Bureau/articles/fanfics/tension.txt
hellsing	auteur-onirique	chevalet	/home/deborah/Bureau/articles/fanfics/chevalet.txt
hellsing	bluemew	thé du soir	/home/deborah/Bureau/articles/fanfics/thé du soir.txt
hellsing	damned caeli	i remembered you	/home/deborah/Bureau/articles/fanfics/i remembered you.txt
hellsing	damned caeli	in the dark with you	/home/deborah/Bureau/articles/fanfics/in the dark with you.txt
hellsing	damned caeli	me gustas cuando callas	/home/deborah/Bureau/articles/fanfics/me gustas cuando callas.txt
hellsing	damned caeli	other than you	/home/deborah/Bureau/articles/fanfics/other than you.txt
hellsing	damned caeli	taking care	/home/deborah/Bureau/articles/fanfics/taking care.txt
hellsing	divers	drabbles	/home/deborah/Bureau/articles/fanfics/drabbles.txt
hellsing	kyuketsuki-san	fan girl magasine	/home/deborah/Bureau/articles/fanfics/fan girl magasine.txt
hellsing	light1	light1	/home/deborah/Bureau/articles/fanfics/light1.txt
hellsing	luna silvereyes	lachrymose	/home/deborah/Bureau/articles/fanfics/lachrymose.txt
hellsing	mcslashy	neck and neck	/home/deborah/Bureau/articles/fanfics/neck and neck.txt
hellsing	mistress cassandra	watching you	/home/deborah/Bureau/articles/fanfics/watching you.txt
hellsing	mobi kater	mobi kater	/home/deborah/Bureau/articles/fanfics/mobi kater.txt
hellsing	oriane	les coulisses d'hellsing	/home/deborah/Bureau/articles/fanfics/les coulisses d'hellsing.txt
hellsing	o	storie time	/home/deborah/Bureau/articles/fanfics/storie time.txt
hellsing	peonyrei	rose season	/home/deborah/Bureau/articles/fanfics/rose season.txt
hellsing	rainismysunshine	i'm still here	/home/deborah/Bureau/articles/fanfics/i'm still here.txt
hellsing	rainismysunshine	there for you	/home/deborah/Bureau/articles/fanfics/there for you.txt
hellsing	sanis	sanis	/home/deborah/Bureau/articles/fanfics/sanis.txt
hellsing	seras the angelous	third time's the charm	/home/deborah/Bureau/articles/fanfics/third time's the charm.txt
hellsing	silverhawke13	hell's white rose	/home/deborah/Bureau/articles/fanfics/hell's white rose.txt
hellsing	soul93	sundrenched	/home/deborah/Bureau/articles/fanfics/sundrenched.txt
hellsing	thesimpsonssinistersouthpaw	along came the spider king	/home/deborah/Bureau/articles/fanfics/along came the spider king.txt
hellsing	yushisan	parce que c'était lui	/home/deborah/Bureau/articles/fanfics/parce que c'était lui.txt
hellsing	zeda	pity	/home/deborah/Bureau/articles/fanfics/pity.txt
histoire	rezzan hussey	chemestry	/home/deborah/Bureau/articles/fanfics/chemestry.txt
malsain	yandedoki sox	hidden hedonism	/home/deborah/Bureau/articles/fanfics/hidden hedonism.txt
monstre, pokemon	ampithare	no, not that kind of breeder	/home/deborah/Bureau/articles/fanfics/no, not that kind of breeder.txt
monstre, pokemon	ladydelphox	eden's apple pie	/home/deborah/Bureau/articles/fanfics/eden's apple pie.txt
monstre, pokemon	tinyslayer	ninetales' curse	/home/deborah/Bureau/articles/fanfics/ninetales' curse.txt
monstre	Anonymous	overwatch futadom	/home/deborah/Bureau/articles/fanfics/overwatch futadom.txt
monstre	JojotheRadPenguin	the monster and the butterfly	/home/deborah/Bureau/articles/fanfics/the monster and the butterfly.txt
monstre	Sharabp	two is company, three's a flock	/home/deborah/Bureau/articles/fanfics/two is company, three's a flock.txt
monstre	Windhauch	your blood is my curse	/home/deborah/Bureau/articles/fanfics/your blood is my curse.txt
monstre	bessiemoo	venom	/home/deborah/Bureau/articles/fanfics/venom.txt
monstre	blue_ringed_octopus	the ride	/home/deborah/Bureau/articles/fanfics/the ride.txt
monstre	dawn-sorenson	diabolic lover 1	/home/deborah/Bureau/articles/fanfics/diabolic lover 1.txt
monstre	dawn-sorenson	diabolic lover 2	/home/deborah/Bureau/articles/fanfics/diabolic lover 2.txt
monstre	dawn-sorenson	diabolic lover 3	/home/deborah/Bureau/articles/fanfics/diabolic lover 3.txt
monstre	dawn-sorenson	diabolic lover 4	/home/deborah/Bureau/articles/fanfics/diabolic lover 4.txt
monstre	dawn-sorenson	diabolic lover 5	/home/deborah/Bureau/articles/fanfics/diabolic lover 5.txt
monstre	firefoxkitsune	reader done three ways	/home/deborah/Bureau/articles/fanfics/reader done three ways.txt
monstre	hetapoke4evr2	nowhere to run	/home/deborah/Bureau/articles/fanfics/nowhere to run.txt
monstre	innocent writer 14	work through it	/home/deborah/Bureau/articles/fanfics/work through it.txt
monstre	intothefold	draped in camouflage	/home/deborah/Bureau/articles/fanfics/draped in camouflage.txt
monstre	kayesyes	first time	/home/deborah/Bureau/articles/fanfics/first time.txt
monstre	kisupure	hard labor	/home/deborah/Bureau/articles/fanfics/hard labor.txt
monstre	lichtenbergfigures	mine	/home/deborah/Bureau/articles/fanfics/mine.txt
monstre	lichtenbergfigures	reptile house	/home/deborah/Bureau/articles/fanfics/reptile house.txt
monstre	madamemercurial	her own demon	/home/deborah/Bureau/articles/fanfics/her own demon.txt
monstre	marvolo lucid lies	bite my pretty red heart in two	/home/deborah/Bureau/articles/fanfics/bite my pretty red heart in two.txt
monstre	mistress_cobra	golden treasures and emerald scales	/home/deborah/Bureau/articles/fanfics/golden treasures and emerald scales.txt
monstre	oreana galena	my naga knight	/home/deborah/Bureau/articles/fanfics/my naga knight.txt
monstre	paxnirvana	obsidian pursuit	/home/deborah/Bureau/articles/fanfics/obsidian pursuit.txt
monstre	thetravelerwrites	asker	/home/deborah/Bureau/articles/fanfics/asker.txt
monstre	thetravelerwrites	reed	/home/deborah/Bureau/articles/fanfics/reed.txt
monstre	thetravelerwrites	yenuno	/home/deborah/Bureau/articles/fanfics/yenuno.txt
monstre	yandere connoisseur	monster boy encyclopedia_ z-a	/home/deborah/Bureau/articles/fanfics/monster boy encyclopedia_ z-a.txt
monstre	zieg	a taste of hell	/home/deborah/Bureau/articles/fanfics/a taste of hell.txt
rocker, 69eyes	radagastcar	wings & hearts	/home/deborah/Bureau/articles/fanfics/wings & hearts.txt
rocker, 69eyes	ravenblackwing	snowballs and baileys	/home/deborah/Bureau/articles/fanfics/snowballs and baileys.txt
rocker, him	Fxdetoblxck	enigma	/home/deborah/Bureau/articles/fanfics/enigma.txt
rocker, him	anonyme	dark sekret love	/home/deborah/Bureau/articles/fanfics/dark sekret love.txt
rocker, him	avt	unexpected	/home/deborah/Bureau/articles/fanfics/unexpected.txt
rocker, him	chimaeracabra	holding hands	/home/deborah/Bureau/articles/fanfics/holding hands.txt
rocker, him	kaitlynnofgallifrey	foreboding sense of impending happiness	/home/deborah/Bureau/articles/fanfics/foreboding sense of impending happiness.txt
rocker, him	kassmarie writes	scream me a dream p01	/home/deborah/Bureau/articles/fanfics/scream me a dream p01.html
rocker, him	kassmarie writes	scream me a dream p02	/home/deborah/Bureau/articles/fanfics/scream me a dream p02.html
rocker, him	kassmarie writes	scream me a dream p03	/home/deborah/Bureau/articles/fanfics/scream me a dream p03.html
rocker, him	kassmarie writes	scream me a dream p04	/home/deborah/Bureau/articles/fanfics/scream me a dream p04.html
rocker, him	kassmarie writes	scream me a dream p05	/home/deborah/Bureau/articles/fanfics/scream me a dream p05.html
rocker, him	kassmarie writes	scream me a dream p06	/home/deborah/Bureau/articles/fanfics/scream me a dream p06.html
rocker, him	kassmarie writes	scream me a dream p07	/home/deborah/Bureau/articles/fanfics/scream me a dream p07.html
rocker, him	kassmarie writes	scream me a dream p08	/home/deborah/Bureau/articles/fanfics/scream me a dream p08.html
rocker, him	kassmarie writes	scream me a dream p09	/home/deborah/Bureau/articles/fanfics/scream me a dream p09.html
rocker, him	kassmarie writes	scream me a dream p10	/home/deborah/Bureau/articles/fanfics/scream me a dream p10.html
rocker, him	kassmarie writes	scream me a dream p11	/home/deborah/Bureau/articles/fanfics/scream me a dream p11.html
rocker, him	kassmarie writes	scream me a dream p12	/home/deborah/Bureau/articles/fanfics/scream me a dream p12.html
rocker, him	layladelmay	nothing without you in this fragile dream	/home/deborah/Bureau/articles/fanfics/nothing without you in this fragile dream.txt
rocker, him	padawanryan	heartache every moment	/home/deborah/Bureau/articles/fanfics/heartache every moment.txt
rocker, him	tigersoulx	more than night's vault, it's you that i adore	/home/deborah/Bureau/articles/fanfics/more than night's vault, it's you that i adore.txt
rocker, him	valo valmieni	razorblade kiss	/home/deborah/Bureau/articles/fanfics/razorblade kiss.txt
rocker, him	villelabam666 (taeminslips)	two poison hearts are better than one	/home/deborah/Bureau/articles/fanfics/two poison hearts are better than one.txt
rocker, him	xnowimnothing	in venere veritas	/home/deborah/Bureau/articles/fanfics/in venere veritas.txt
rocker, rasmus	ravenblackwing	the way you love me	/home/deborah/Bureau/articles/fanfics/the way you love me.txt
rocker, tstm	CherryMoonlight	guilty	/home/deborah/Bureau/articles/fanfics/guilty.txt
rocker, tstm	CherryMoonlight	not afraid anymore	/home/deborah/Bureau/articles/fanfics/not afraid anymore.txt
rocker, tstm	Mollbunny27	the boys next door	/home/deborah/Bureau/articles/fanfics/the boys next door.txt
rocker, tstm	Ramadiii	the joker in you	/home/deborah/Bureau/articles/fanfics/the joker in you.txt
rocker, tstm	azpoint13ec	chasing a dream so real	/home/deborah/Bureau/articles/fanfics/chasing a dream so real.txt
rocker, tstm	cherrymoonlight	violent delight	/home/deborah/Bureau/articles/fanfics/violent delight.txt
rocker, tstm	englishlily	waking up to my dreams	/home/deborah/Bureau/articles/fanfics/waking up to my dreams.txt
rocker, tstm	ladykayl	lately	/home/deborah/Bureau/articles/fanfics/lately.txt
rocker, tstm	purplexparadise	bright lights	/home/deborah/Bureau/articles/fanfics/bright lights.txt
rocker, tstm	thestephodimera	up in the air	/home/deborah/Bureau/articles/fanfics/up in the air.txt
rocker, tstm	violentdaydream	the triad	/home/deborah/Bureau/articles/fanfics/the triad.txt
rocker, tstm	wishiwerebella	this isnt happening	/home/deborah/Bureau/articles/fanfics/this isnt happening.txt
rocker	radagastcar	wages of sin	/home/deborah/Bureau/articles/fanfics/wages of sin.txt
romance, osé	simplejon	at the edge of darkness	/home/deborah/Bureau/articles/fanfics/at the edge of darkness.html
romance, sf	37054ljh	little bird	/home/deborah/Bureau/articles/fanfics/little bird.txt
romance, sf	itspixiesthings	loki syndrome	/home/deborah/Bureau/articles/fanfics/loki syndrome.txt
romance, sf	kikiwolfchan	luna	/home/deborah/Bureau/articles/fanfics/luna.txt
romance, super-hero	verdandi_stormborn	angel of small death	/home/deborah/Bureau/articles/fanfics/angel of small death.txt
romance	41frostbite	empty heart	/home/deborah/Bureau/articles/fanfics/empty heart.txt
romance	MidwestWitch	Vive le Vie Las Vegas	/home/deborah/Bureau/articles/fanfics/Vive le Vie Las Vegas.txt
romance	MidwestWitch	vive le vie las vegas	/home/deborah/Bureau/articles/fanfics/vive le vie las vegas.txt
romance	MiloBettany	Good cop Bad cop	/home/deborah/Bureau/articles/fanfics/Good cop Bad cop.txt
romance	Mollbunny27	the path to eden's gate was never easy	/home/deborah/Bureau/articles/fanfics/the path to eden's gate was never easy.txt
romance	addisonbritt	origin	/home/deborah/Bureau/articles/fanfics/origin.txt
romance	aikya	à demain	/home/deborah/Bureau/articles/fanfics/à demain.txt
romance	another regret	le genre d'homme	/home/deborah/Bureau/articles/fanfics/le genre d'homme.txt
romance	burgersnscones	until i met you	/home/deborah/Bureau/articles/fanfics/until i met you.txt
romance	christelwise	whispers of our summer love	/home/deborah/Bureau/articles/fanfics/whispers of our summer love.txt
romance	christina quinn	heart of the forest	/home/deborah/Bureau/articles/fanfics/heart of the forest.txt
romance	dasfreefree	maybe now it's time i bite your tongue	/home/deborah/Bureau/articles/fanfics/maybe now it's time i bite your tongue.txt
romance	diavolosimp	vantablack	/home/deborah/Bureau/articles/fanfics/vantablack.txt
romance	donniexdarko	Army Of One	/home/deborah/Bureau/articles/fanfics/Army Of One.txt
romance	donniexdarko	army of one	/home/deborah/Bureau/articles/fanfics/army of one.txt
romance	dreamyy	vanilla latte	/home/deborah/Bureau/articles/fanfics/vanilla latte.txt
romance	epicnessqueen21	hannibal soulmate	/home/deborah/Bureau/articles/fanfics/hannibal soulmate.txt
romance	failariel	le mysterieux admirateur	/home/deborah/Bureau/articles/fanfics/le mysterieux admirateur.txt
romance	forever.unbroken	the insentient	/home/deborah/Bureau/articles/fanfics/the insentient.txt
romance	honestyfirst	giggle juice	/home/deborah/Bureau/articles/fanfics/giggle juice.txt
romance	i-am-aie	it started with a dare	/home/deborah/Bureau/articles/fanfics/it started with a dare.txt
romance	kate stockton	siphon	/home/deborah/Bureau/articles/fanfics/siphon.txt
romance	ladydimness	the love game	/home/deborah/Bureau/articles/fanfics/the love game.txt
romance	ladylyacaria	forever poppet	/home/deborah/Bureau/articles/fanfics/forever poppet.txt
romance	lunablanca14	onyx	/home/deborah/Bureau/articles/fanfics/onyx.txt
romance	madamemercurial	they're everywhere	/home/deborah/Bureau/articles/fanfics/they're everywhere.txt
romance	mae north	glorious	/home/deborah/Bureau/articles/fanfics/glorious.txt
romance	marvelor	just anyone	/home/deborah/Bureau/articles/fanfics/just anyone.txt
romance	moira inori	macky and the charm offensive	/home/deborah/Bureau/articles/fanfics/macky and the charm offensive.txt
romance	moira inori	my strawberry dream wedding 1	/home/deborah/Bureau/articles/fanfics/my strawberry dream wedding 1.txt
romance	moira inori	my strawberry dream wedding 2	/home/deborah/Bureau/articles/fanfics/my strawberry dream wedding 2.txt
romance	moira inori	my strawberry dream wedding 3	/home/deborah/Bureau/articles/fanfics/my strawberry dream wedding 3.txt
romance	moira inori	my strawberry dream wedding 4	/home/deborah/Bureau/articles/fanfics/my strawberry dream wedding 4.txt
romance	moira inori	my strawberry dream wedding 5	/home/deborah/Bureau/articles/fanfics/my strawberry dream wedding 5.txt
romance	mrsalwaysright	pain & positivity	/home/deborah/Bureau/articles/fanfics/pain & positivity.txt
romance	osmlowis	the school bully	/home/deborah/Bureau/articles/fanfics/the school bully.txt
romance	personne	sinking like stones	/home/deborah/Bureau/articles/fanfics/sinking like stones.txt
romance	queen of the millennium	it's complicated	/home/deborah/Bureau/articles/fanfics/it's complicated.txt
romance	razrae	shadow of the serpent	/home/deborah/Bureau/articles/fanfics/shadow of the serpent.txt
romance	rubberduckie	summer heat	/home/deborah/Bureau/articles/fanfics/summer heat.txt
romance	shadowswept	seeker	/home/deborah/Bureau/articles/fanfics/seeker.txt
romance	slytheringirl093	like it should be	/home/deborah/Bureau/articles/fanfics/like it should be.txt
romance	snowflake1127	all too well	/home/deborah/Bureau/articles/fanfics/all too well.txt
romance	sweetladyjane2012	angel unawares	/home/deborah/Bureau/articles/fanfics/angel unawares.txt
romance	tayellabaer	surprises	/home/deborah/Bureau/articles/fanfics/surprises.txt
romance	the_only_education_worth_having	fat bottomed girls (get on your bikes and ride)	/home/deborah/Bureau/articles/fanfics/fat bottomed girls (get on your bikes and ride).txt
romance	tuddles	the dark stranger	/home/deborah/Bureau/articles/fanfics/the dark stranger.txt
romance	warpggaaaaagg	falling in love with miya atsumu	/home/deborah/Bureau/articles/fanfics/falling in love with miya atsumu.txt
romance	weabooweedwitch	built on a lie 1	/home/deborah/Bureau/articles/fanfics/built on a lie 1.txt
romance	weabooweedwitch	built on a lie 2	/home/deborah/Bureau/articles/fanfics/built on a lie 2.txt
romance	weabooweedwitch	built on a lie 3 the calm	/home/deborah/Bureau/articles/fanfics/built on a lie 3 the calm.txt
romance	weabooweedwitch	built on a lie 4 the storm	/home/deborah/Bureau/articles/fanfics/built on a lie 4 the storm.txt
romance	welcome to the carnival	for my eyes only	/home/deborah/Bureau/articles/fanfics/for my eyes only.txt
romance	weyheyable	tell me why (no going back)	/home/deborah/Bureau/articles/fanfics/tell me why (no going back).txt
romance	youhavethewrite	running with it	/home/deborah/Bureau/articles/fanfics/running with it.txt
romance	youngandbitchy	that's my girl	/home/deborah/Bureau/articles/fanfics/that's my girl.txt
v for vendetta	starkid penny	remember	/home/deborah/Bureau/articles/fanfics/remember.txt
v for vendetta	theweezil	the letter	/home/deborah/Bureau/articles/fanfics/the letter.txt
vampire	Naquar	warm blankets against the cold	/home/deborah/Bureau/articles/fanfics/warm blankets against the cold.txt
